<?xml version='1.0' encoding='utf-8'?>
<TextureAtlas imagePath="oji.png">
<SubTexture name="oji idle0000" x="515" y="0" width="515" height="576" frameX="-456" frameY="-336" frameWidth="1500" frameHeight="1000" />
<SubTexture name="oji idle0001" x="1032" y="1164" width="515" height="562" frameX="-456" frameY="-350" frameWidth="1500" frameHeight="1000" />
<SubTexture name="oji idle0002" x="1032" y="1164" width="515" height="562" frameX="-456" frameY="-350" frameWidth="1500" frameHeight="1000" />
<SubTexture name="oji idle0003" x="1032" y="1164" width="515" height="562" frameX="-456" frameY="-350" frameWidth="1500" frameHeight="1000" />
<SubTexture name="oji idle0004" x="515" y="588" width="515" height="571" frameX="-456" frameY="-341" frameWidth="1500" frameHeight="1000" />
<SubTexture name="oji idle0005" x="515" y="588" width="515" height="571" frameX="-456" frameY="-341" frameWidth="1500" frameHeight="1000" />
<SubTexture name="oji idle0006" x="515" y="0" width="515" height="576" frameX="-456" frameY="-336" frameWidth="1500" frameHeight="1000" />
<SubTexture name="oji idle0007" x="515" y="0" width="515" height="576" frameX="-456" frameY="-336" frameWidth="1500" frameHeight="1000" />
<SubTexture name="oji idle0008" x="515" y="0" width="515" height="576" frameX="-456" frameY="-336" frameWidth="1500" frameHeight="1000" />
<SubTexture name="oji idle0009" x="515" y="0" width="515" height="576" frameX="-456" frameY="-336" frameWidth="1500" frameHeight="1000" />
<SubTexture name="oji left0000" x="1030" y="588" width="515" height="571" frameX="-405" frameY="-340" frameWidth="1500" frameHeight="1000" />
<SubTexture name="oji left0001" x="1545" y="570" width="515" height="569" frameX="-387" frameY="-342" frameWidth="1500" frameHeight="1000" />
<SubTexture name="oji left0002" x="1545" y="570" width="515" height="569" frameX="-387" frameY="-342" frameWidth="1500" frameHeight="1000" />
<SubTexture name="oji left0003" x="1545" y="570" width="515" height="569" frameX="-387" frameY="-342" frameWidth="1500" frameHeight="1000" />
<SubTexture name="oji right0000" x="1545" y="0" width="515" height="570" frameX="-527" frameY="-338" frameWidth="1500" frameHeight="1000" />
<SubTexture name="oji right0001" x="0" y="1164" width="517" height="570" frameX="-538" frameY="-338" frameWidth="1500" frameHeight="1000" />
<SubTexture name="oji right0002" x="0" y="1164" width="517" height="570" frameX="-538" frameY="-338" frameWidth="1500" frameHeight="1000" />
<SubTexture name="oji right0003" x="0" y="1164" width="517" height="570" frameX="-538" frameY="-338" frameWidth="1500" frameHeight="1000" />
<SubTexture name="oji up0000" x="0" y="588" width="515" height="576" frameX="-456" frameY="-336" frameWidth="1500" frameHeight="1000" />
<SubTexture name="oji up0001" x="0" y="0" width="515" height="588" frameX="-456" frameY="-321" frameWidth="1500" frameHeight="1000" />
<SubTexture name="oji up0002" x="0" y="0" width="515" height="588" frameX="-456" frameY="-321" frameWidth="1500" frameHeight="1000" />
<SubTexture name="oji up0003" x="0" y="0" width="515" height="588" frameX="-456" frameY="-321" frameWidth="1500" frameHeight="1000" />
<SubTexture name="oji down0000" x="1030" y="0" width="515" height="576" frameX="-456" frameY="-336" frameWidth="1500" frameHeight="1000" />
<SubTexture name="oji down0001" x="517" y="1164" width="515" height="566" frameX="-456" frameY="-347" frameWidth="1500" frameHeight="1000" />
<SubTexture name="oji down0002" x="517" y="1164" width="515" height="566" frameX="-456" frameY="-347" frameWidth="1500" frameHeight="1000" />
<SubTexture name="oji down0003" x="517" y="1164" width="515" height="566" frameX="-456" frameY="-347" frameWidth="1500" frameHeight="1000" />
</TextureAtlas>
