<?xml version='1.0' encoding='utf-8'?>
<TextureAtlas imagePath="ralucaroblox.png">
<SubTexture name="ralucaroblox idle0000" x="0" y="1415" width="554" height="1208" frameX="-244" frameY="-191" frameWidth="1000" frameHeight="1500" />
<SubTexture name="ralucaroblox idle0001" x="554" y="1415" width="537" height="1204" frameX="-247" frameY="-195" frameWidth="1000" frameHeight="1500" />
<SubTexture name="ralucaroblox idle0002" x="3224" y="0" width="516" height="1195" frameX="-251" frameY="-204" frameWidth="1000" frameHeight="1500" />
<SubTexture name="ralucaroblox idle0003" x="3740" y="1189" width="527" height="1184" frameX="-242" frameY="-215" frameWidth="1000" frameHeight="1500" />
<SubTexture name="ralucaroblox idle0004" x="2091" y="2623" width="533" height="1175" frameX="-237" frameY="-224" frameWidth="1000" frameHeight="1500" />
<SubTexture name="ralucaroblox idle0005" x="1560" y="2623" width="531" height="1176" frameX="-239" frameY="-223" frameWidth="1000" frameHeight="1500" />
<SubTexture name="ralucaroblox idle0006" x="1037" y="2623" width="523" height="1177" frameX="-245" frameY="-222" frameWidth="1000" frameHeight="1500" />
<SubTexture name="ralucaroblox idle0007" x="520" y="2623" width="517" height="1178" frameX="-250" frameY="-221" frameWidth="1000" frameHeight="1500" />
<SubTexture name="ralucaroblox idle0008" x="3224" y="1195" width="515" height="1179" frameX="-251" frameY="-220" frameWidth="1000" frameHeight="1500" />
<SubTexture name="ralucaroblox idle0009" x="3224" y="1195" width="515" height="1179" frameX="-251" frameY="-220" frameWidth="1000" frameHeight="1500" />
<SubTexture name="ralucaroblox idle0010" x="3224" y="1195" width="515" height="1179" frameX="-251" frameY="-220" frameWidth="1000" frameHeight="1500" />
<SubTexture name="ralucaroblox idle0011" x="3224" y="1195" width="515" height="1179" frameX="-251" frameY="-220" frameWidth="1000" frameHeight="1500" />
<SubTexture name="ralucaroblox idle0012" x="3224" y="1195" width="515" height="1179" frameX="-251" frameY="-220" frameWidth="1000" frameHeight="1500" />
<SubTexture name="ralucaroblox idle0013" x="3224" y="1195" width="515" height="1179" frameX="-251" frameY="-220" frameWidth="1000" frameHeight="1500" />
<SubTexture name="ralucaroblox idle0014" x="3224" y="1195" width="515" height="1179" frameX="-251" frameY="-220" frameWidth="1000" frameHeight="1500" />
<SubTexture name="ralucaroblox down0000" x="3755" y="3805" width="783" height="837" frameX="-119" frameY="-503" frameWidth="1000" frameHeight="1500" />
<SubTexture name="ralucaroblox down0001" x="2948" y="3805" width="807" height="888" frameX="-119" frameY="-452" frameWidth="1000" frameHeight="1500" />
<SubTexture name="ralucaroblox down0002" x="2103" y="3805" width="845" height="1001" frameX="-119" frameY="-339" frameWidth="1000" frameHeight="1500" />
<SubTexture name="ralucaroblox down0003" x="618" y="3805" width="854" height="1112" frameX="-119" frameY="-228" frameWidth="1000" frameHeight="1500" />
<SubTexture name="ralucaroblox down0004" x="2624" y="2623" width="831" height="1174" frameX="-119" frameY="-166" frameWidth="1000" frameHeight="1500" />
<SubTexture name="ralucaroblox down0005" x="3740" y="0" width="814" height="1189" frameX="-119" frameY="-151" frameWidth="1000" frameHeight="1500" />
<SubTexture name="ralucaroblox left0000" x="1472" y="3805" width="631" height="1103" frameX="-156" frameY="-296" frameWidth="1000" frameHeight="1500" />
<SubTexture name="ralucaroblox left0001" x="0" y="3805" width="618" height="1120" frameX="-168" frameY="-279" frameWidth="1000" frameHeight="1500" />
<SubTexture name="ralucaroblox left0002" x="4554" y="0" width="581" height="1151" frameX="-199" frameY="-248" frameWidth="1000" frameHeight="1500" />
<SubTexture name="ralucaroblox left0003" x="3455" y="2623" width="536" height="1172" frameX="-235" frameY="-227" frameWidth="1000" frameHeight="1500" />
<SubTexture name="ralucaroblox left0004" x="3224" y="1195" width="515" height="1179" frameX="-251" frameY="-220" frameWidth="1000" frameHeight="1500" />
<SubTexture name="ralucaroblox right0000" x="1636" y="1415" width="549" height="1198" frameX="-260" frameY="-201" frameWidth="1000" frameHeight="1500" />
<SubTexture name="ralucaroblox right0001" x="1091" y="1415" width="545" height="1200" frameX="-258" frameY="-199" frameWidth="1000" frameHeight="1500" />
<SubTexture name="ralucaroblox right0002" x="2185" y="1415" width="534" height="1196" frameX="-254" frameY="-203" frameWidth="1000" frameHeight="1500" />
<SubTexture name="ralucaroblox right0003" x="0" y="2623" width="520" height="1182" frameX="-252" frameY="-217" frameWidth="1000" frameHeight="1500" />
<SubTexture name="ralucaroblox right0004" x="3224" y="1195" width="515" height="1179" frameX="-251" frameY="-220" frameWidth="1000" frameHeight="1500" />
<SubTexture name="ralucaroblox up0000" x="0" y="0" width="806" height="1415" frameX="-74" frameY="-90" frameWidth="1000" frameHeight="1700" />
<SubTexture name="ralucaroblox up0001" x="806" y="0" width="806" height="1413" frameX="-74" frameY="-133" frameWidth="1000" frameHeight="1700" />
<SubTexture name="ralucaroblox up0002" x="1612" y="0" width="806" height="1409" frameX="-74" frameY="-213" frameWidth="1000" frameHeight="1700" />
<SubTexture name="ralucaroblox up0003" x="2418" y="0" width="806" height="1407" frameX="-74" frameY="-255" frameWidth="1000" frameHeight="1700" />
</TextureAtlas>
