<?xml version='1.0' encoding='utf-8'?>
<TextureAtlas imagePath="aloi.png">
<SubTexture name="aloi idle0000" x="398" y="539" width="391" height="474" frameX="-482" frameY="-276" frameWidth="1500" frameHeight="1000" />
<SubTexture name="aloi idle0001" x="1571" y="0" width="391" height="461" frameX="-482" frameY="-289" frameWidth="1500" frameHeight="1000" />
<SubTexture name="aloi idle0002" x="1571" y="0" width="391" height="461" frameX="-482" frameY="-289" frameWidth="1500" frameHeight="1000" />
<SubTexture name="aloi idle0003" x="1571" y="0" width="391" height="461" frameX="-482" frameY="-289" frameWidth="1500" frameHeight="1000" />
<SubTexture name="aloi idle0004" x="0" y="1018" width="391" height="466" frameX="-482" frameY="-284" frameWidth="1500" frameHeight="1000" />
<SubTexture name="aloi idle0005" x="0" y="1018" width="391" height="466" frameX="-482" frameY="-284" frameWidth="1500" frameHeight="1000" />
<SubTexture name="aloi idle0006" x="1180" y="0" width="391" height="471" frameX="-482" frameY="-279" frameWidth="1500" frameHeight="1000" />
<SubTexture name="aloi idle0007" x="1180" y="0" width="391" height="471" frameX="-482" frameY="-279" frameWidth="1500" frameHeight="1000" />
<SubTexture name="aloi idle0008" x="1180" y="0" width="391" height="471" frameX="-482" frameY="-279" frameWidth="1500" frameHeight="1000" />
<SubTexture name="aloi idle0009" x="1180" y="0" width="391" height="471" frameX="-482" frameY="-279" frameWidth="1500" frameHeight="1000" />
<SubTexture name="aloi down0000" x="789" y="539" width="391" height="474" frameX="-483" frameY="-276" frameWidth="1500" frameHeight="1000" />
<SubTexture name="aloi down0001" x="1180" y="471" width="391" height="469" frameX="-483" frameY="-282" frameWidth="1500" frameHeight="1000" />
<SubTexture name="aloi down0002" x="1180" y="471" width="391" height="469" frameX="-483" frameY="-282" frameWidth="1500" frameHeight="1000" />
<SubTexture name="aloi down0003" x="1180" y="471" width="391" height="469" frameX="-483" frameY="-282" frameWidth="1500" frameHeight="1000" />
<SubTexture name="aloi left0000" x="391" y="1018" width="421" height="466" frameX="-379" frameY="-282" frameWidth="1500" frameHeight="1000" />
<SubTexture name="aloi left0001" x="812" y="1018" width="432" height="466" frameX="-368" frameY="-282" frameWidth="1500" frameHeight="1000" />
<SubTexture name="aloi left0002" x="812" y="1018" width="432" height="466" frameX="-368" frameY="-282" frameWidth="1500" frameHeight="1000" />
<SubTexture name="aloi left0003" x="812" y="1018" width="432" height="466" frameX="-368" frameY="-282" frameWidth="1500" frameHeight="1000" />
<SubTexture name="aloi right0000" x="782" y="0" width="398" height="481" frameX="-542" frameY="-265" frameWidth="1500" frameHeight="1000" />
<SubTexture name="aloi right0001" x="0" y="539" width="398" height="479" frameX="-551" frameY="-267" frameWidth="1500" frameHeight="1000" />
<SubTexture name="aloi right0002" x="0" y="539" width="398" height="479" frameX="-551" frameY="-267" frameWidth="1500" frameHeight="1000" />
<SubTexture name="aloi right0003" x="0" y="539" width="398" height="479" frameX="-551" frameY="-267" frameWidth="1500" frameHeight="1000" />
<SubTexture name="aloi up0000" x="391" y="0" width="391" height="532" frameX="-480" frameY="-223" frameWidth="1500" frameHeight="1000" />
<SubTexture name="aloi up0001" x="0" y="0" width="391" height="539" frameX="-480" frameY="-216" frameWidth="1500" frameHeight="1000" />
<SubTexture name="aloi up0002" x="0" y="0" width="391" height="539" frameX="-480" frameY="-216" frameWidth="1500" frameHeight="1000" />
<SubTexture name="aloi up0003" x="0" y="0" width="391" height="539" frameX="-480" frameY="-216" frameWidth="1500" frameHeight="1000" />
<SubTexture name="aloi up0004" x="0" y="0" width="391" height="539" frameX="-480" frameY="-216" frameWidth="1500" frameHeight="1000" />
</TextureAtlas>
